Timestamp,Sensor 1 Raw Value,Sensor 1 Voltage (V),Sensor 1 Resistance (Ohm),Sensor 1 Force (N),Sensor 2 Raw Value,Sensor 2 Voltage (V),Sensor 2 Resistance (Ohm),Sensor 2 Force (N),Sensor 3 Raw Value,Sensor 3 Voltage (V),Sensor 3 Resistance (Ohm),Sensor 3 Force (N),Total Grip Force (N)
11:18:19.238,38782.0000,1.3665,265897.8,576.4,35393.0000,1.5681,218853.2,661.4,40615.0000,2.9045,72144.0,1225.2,2463.0
11:18:20.125,75229.0000,1.2442,301868.8,524.8,32225.0000,1.5601,220486.6,658.1,40408.0000,2.8273,76848.0,1192.6,2375.5
11:18:21.010,73228.0000,1.1999,316714.1,506.1,31077.0000,1.5512,222321.2,654.3,40178.0000,2.8701,74207.3,1210.7,2371.1
11:18:21.894,74338.0000,1.1625,330097.1,490.4,30110.0000,1.9228,160034.2,811.1,49802.0000,2.9593,68961.5,1248.2,2549.7
11:18:22.780,76646.0000,1.1247,344551.3,474.4,29131.0000,2.1027,137784.6,887.0,54462.0000,3.1200,60257.2,1316.0,2677.4
11:18:23.665,80809.0000,1.5208,228777.6,641.5,39389.0000,2.2532,121902.4,950.4,58360.0000,3.3058,51250.5,1394.4,2986.3
11:18:24.550,85621.0000,2.7068,84720.8,1141.8,70107.0000,2.5025,99796.7,1055.6,64817.0000,3.4103,46615.1,1438.5,3635.8
11:18:25.436,88328.0000,2.9757,68029.8,1255.2,77071.0000,2.7925,79053.5,1177.9,72326.0000,3.7119,34703.1,1565.7,3998.8
11:18:26.322,96139.0000,3.1724,57608.6,1338.2,82167.0000,3.0888,61877.8,1302.9,80000.0000,3.7665,32749.3,1588.7,4229.8
11:18:27.207,97554.0000,3.3599,48812.1,1417.3,87024.0000,3.3090,51102.3,1395.8,85705.0000,3.8458,30010.6,1791.0,4604.0
11:18:28.092,99609.0000,3.4850,43470.5,1470.0,90264.0000,3.3936,47337.4,1431.4,87895.0000,3.8581,29596.8,1890.4,4791.9
11:18:28.978,99927.0000,3.5432,41116.1,1494.5,91770.0000,3.4840,43511.9,1469.6,90238.0000,3.8941,28399.3,2214.8,5178.9
11:18:29.865,100859.0000,3.5953,39070.3,1516.5,93120.0000,3.5612,40403.1,1502.1,92236.0000,3.9045,28057.7,2318.3,5337.0
11:18:30.754,101128.0000,3.6692,36267.9,1547.7,95035.0000,3.5536,40700.6,1499.0,92041.0000,3.9064,27995.7,2337.7,5384.4
11:18:31.639,101177.0000,3.6587,36659.1,1543.3,94763.0000,3.6194,38143.1,1526.7,93745.0000,3.9390,26936.8,2698.2,5768.2
11:18:32.529,102021.0000,3.7138,34634.5,1566.5,96188.0000,3.7004,35121.9,1560.8,95841.0000,3.9627,26176.2,2995.4,6122.7
11:18:33.414,102636.0000,3.7600,32978.3,1586.0,97386.0000,3.7423,33609.4,1578.5,96926.0000,3.9879,25378.5,3346.8,6511.4
11:18:34.300,103289.0000,3.8096,31246.5,1527.1,98671.0000,3.7736,32500.7,1303.1,97737.0000,4.0054,24832.3,3614.0,6444.2
11:18:35.185,103741.0000,3.8660,29332.8,1957.1,100131.0000,3.8257,30695.5,1639.0,99087.0000,4.0128,24601.6,3733.8,7329.9
11:18:36.071,103933.0000,3.8630,29433.6,1931.3,100053.0000,3.7724,32541.4,1296.4,97707.0000,3.9737,25828.0,3143.5,6371.2
11:18:36.959,102920.0000,3.8731,29095.6,2019.2,100315.0000,3.7760,32415.4,1317.1,97800.0000,3.9767,25732.8,3185.4,6521.7
11:18:37.847,102998.0000,3.8739,29068.6,2026.5,100336.0000,3.7762,32407.2,1318.4,97806.0000,3.9778,25698.6,3200.6,6545.5
11:18:38.733,103026.0000,3.8730,29099.4,2018.2,100312.0000,3.7777,32355.8,1327.0,97844.0000,3.9756,25766.9,3170.3,6515.4
11:18:39.618,102970.0000,3.8765,28982.4,2049.7,100403.0000,3.7790,32308.5,1334.9,97879.0000,3.9760,25756.0,3175.1,6559.7
11:18:40.503,102979.0000,3.8766,28979.9,2050.4,100405.0000,3.7786,32323.4,1332.4,97868.0000,3.9763,25743.7,3180.5,6563.3
11:18:41.387,102989.0000,3.8770,28967.0,2053.8,100415.0000,3.7775,32363.9,1325.6,97838.0000,3.9765,25738.9,3182.7,6562.1
11:18:42.272,102993.0000,3.8783,28923.4,2065.7,100449.0000,3.7789,32315.2,1333.7,97874.0000,3.9766,25734.0,3184.9,6584.3
11:18:43.158,102997.0000,3.8782,28927.2,2064.7,100446.0000,3.7802,32269.3,1341.5,97908.0000,3.9797,25636.4,3228.4,6634.6
11:18:44.044,103077.0000,3.8782,28924.6,2065.4,100448.0000,3.7805,32257.1,1343.5,97917.0000,3.9768,25729.1,3187.0,6595.9
11:18:44.929,103001.0000,3.8799,28870.8,2080.2,100490.0000,3.7813,32228.8,1348.3,97938.0000,3.9761,25749.9,3177.8,6606.3
11:18:45.814,102984.0000,3.8802,28857.9,2083.7,100500.0000,3.7829,32172.1,1358.0,97980.0000,3.9766,25734.0,3184.9,6626.5
11:18:46.699,102997.0000,3.8807,28841.3,2088.3,100513.0000,3.7827,32181.5,1356.4,97973.0000,3.9767,25732.8,3185.4,6630.1
11:18:47.585,102998.0000,3.8806,28845.1,2087.3,100510.0000,3.7841,32130.3,1365.1,98011.0000,3.9775,25708.3,3196.2,6648.6
11:18:48.470,103018.0000,3.8813,28822.0,2093.7,100528.0000,3.7850,32102.0,1370.0,98032.0000,3.9800,25629.1,3231.7,6695.4
11:18:49.359,103083.0000,3.8828,28773.4,2107.2,100566.0000,3.7894,31948.6,1396.8,98146.0000,3.9789,25663.2,3216.4,6720.4
11:18:50.245,103055.0000,3.8790,28897.7,2072.8,100469.0000,3.7885,31979.5,1391.4,98123.0000,3.9778,25697.4,3201.1,6665.3
11:18:51.130,103027.0000,3.8829,28768.2,2108.6,100570.0000,3.7872,32022.5,1383.8,98091.0000,3.9776,25704.7,3197.9,6690.3
11:18:52.016,103021.0000,3.8830,28767.0,2109.0,100571.0000,3.7887,31971.4,1392.8,98129.0000,3.9759,25757.2,3174.6,6676.4
11:18:52.902,102978.0000,3.8826,28781.1,2105.1,100560.0000,3.7887,31972.8,1392.6,98128.0000,3.9742,25812.2,3150.4,6648.0
11:18:53.787,102933.0000,3.8788,28906.7,2070.3,100462.0000,3.7838,32143.8,1362.8,98001.0000,3.9731,25846.4,3135.5,6568.6
11:18:54.673,102905.0000,3.8783,28922.1,2066.1,100450.0000,3.7838,32141.1,1363.3,98003.0000,3.9752,25780.4,3164.4,6593.7
11:18:55.558,102959.0000,3.8818,28805.4,2098.3,100541.0000,3.7884,31983.5,1390.7,98120.0000,3.9781,25688.8,3204.9,6693.9
11:18:56.443,103034.0000,3.8840,28732.4,2118.7,100598.0000,3.7881,31992.9,1389.0,98113.0000,3.9782,25686.4,3206.0,6713.7
11:18:57.329,103036.0000,3.8856,28681.2,2133.2,100638.0000,3.7875,32011.8,1385.7,98099.0000,3.9782,25686.4,3206.0,6724.9
11:18:58.214,103036.0000,3.8841,28731.1,2119.1,100599.0000,3.7853,32091.2,1371.9,98040.0000,3.9737,25826.8,3144.0,6634.9
11:18:59.099,102921.0000,3.8804,28854.1,2084.8,100503.0000,3.7835,32151.9,1361.4,97995.0000,3.9736,25831.7,3141.9,6588.1
11:18:59.985,102917.0000,3.8800,28866.9,2081.2,100493.0000,3.7813,32228.8,1348.3,97938.0000,3.9794,25647.4,3223.5,6653.1
11:19:00.874,103068.0000,3.8847,28710.7,2124.8,100615.0000,3.7906,31906.9,1404.2,98177.0000,3.9816,25576.7,3255.4,6784.5
11:19:01.759,103126.0000,3.8844,28719.6,2122.3,100608.0000,3.7886,31975.4,1392.1,98126.0000,3.9788,25666.9,3214.8,6729.1
11:19:02.645,103052.0000,3.8855,28683.8,2132.4,100636.0000,3.7893,31951.2,1396.3,98144.0000,3.9787,25670.5,3213.1,6741.9
11:19:03.530,103049.0000,3.8853,28688.9,2131.0,100632.0000,3.7839,32139.7,1363.5,98004.0000,3.9735,25832.9,3141.3,6635.8
11:19:04.415,102916.0000,3.8808,28840.0,2088.7,100514.0000,3.7850,32099.3,1370.5,98034.0000,3.9734,25836.6,3139.7,6598.9
11:19:05.300,102913.0000,3.8791,28895.1,2073.5,100471.0000,3.7854,32087.2,1372.6,98043.0000,3.9789,25662.0,3216.9,6663.0
11:19:06.186,103056.0000,3.8856,28678.7,2133.9,100640.0000,3.7887,31972.8,1392.6,98128.0000,3.9812,25588.9,3249.9,6776.3
11:19:07.076,103116.0000,3.8870,28632.7,2147.0,100676.0000,3.7926,31835.7,1416.9,98230.0000,3.9808,25603.5,3243.3,6807.2
11:19:07.964,103104.0000,3.8847,28710.7,2124.8,100615.0000,3.7913,31880.0,1409.0,98197.0000,3.9790,25659.6,3218.0,6751.8
11:19:08.849,103058.0000,3.8827,28777.2,2106.1,100563.0000,3.7893,31949.9,1396.6,98145.0000,3.9758,25762.1,3172.4,6675.2
11:19:09.735,102974.0000,3.8843,28723.4,2121.2,100605.0000,3.7901,31921.7,1401.6,98166.0000,3.9739,25821.9,3146.1,6668.9
11:19:10.620,102925.0000,3.8847,28710.7,2124.8,100615.0000,3.7905,31909.6,1403.7,98175.0000,3.9766,25735.2,3184.3,6712.9
11:19:11.506,102996.0000,3.8848,28706.8,2125.9,100618.0000,3.7906,31904.2,1404.7,98179.0000,3.9753,25775.5,3166.5,6697.1
11:19:12.392,102963.0000,3.8851,28697.9,2128.4,100625.0000,3.7909,31894.8,1406.3,98186.0000,3.9768,25727.9,3187.6,6722.4
11:19:13.278,103002.0000,3.8849,28703.0,2127.0,100621.0000,3.7912,31882.7,1408.5,98195.0000,3.9780,25690.0,3204.4,6739.9
11:19:14.167,103033.0000,3.8806,28847.7,2086.6,100508.0000,3.7881,31992.9,1389.0,98113.0000,3.9735,25832.9,3141.3,6616.9
11:19:15.053,102916.0000,3.8784,28919.5,2066.8,100452.0000,3.7842,32128.9,1365.4,98012.0000,3.9717,25889.2,3116.9,6549.0
11:19:15.938,102870.0000,3.8828,28772.1,2107.6,100567.0000,3.7908,31898.8,1405.6,98183.0000,3.9768,25730.3,3186.5,6699.7
11:19:16.823,103000.0000,3.8856,28678.7,2133.9,100640.0000,3.7908,31898.8,1405.6,98183.0000,3.9775,25705.9,3197.3,6736.8
11:19:17.708,103020.0000,3.8861,28663.3,2138.2,100652.0000,3.7905,31908.2,1404.0,98176.0000,3.9776,25704.7,3197.9,6740.1
11:19:18.593,103021.0000,3.8859,28669.7,2136.4,100647.0000,3.7906,31906.9,1404.2,98177.0000,3.9769,25725.4,3188.6,6729.3
11:19:19.480,103004.0000,3.8856,28680.0,2133.5,100639.0000,3.7905,31908.2,1404.0,98176.0000,3.9788,25666.9,3214.8,6752.2
11:19:20.365,103052.0000,3.8811,28829.7,2091.5,100522.0000,3.7906,31906.9,1404.2,98177.0000,3.9768,25729.1,3187.0,6682.7
11:19:21.251,103001.0000,3.8854,28686.4,2131.7,100634.0000,3.7907,31902.9,1404.9,98180.0000,3.9769,25725.4,3188.6,6725.3
11:19:22.136,103004.0000,3.8859,28671.0,2136.1,100646.0000,3.7907,31902.9,1404.9,98180.0000,3.9776,25703.5,3198.4,6739.4
11:19:23.022,103022.0000,3.8838,28740.1,2116.5,100592.0000,3.7906,31904.2,1404.7,98179.0000,3.9775,25707.1,3196.8,6718.0
11:19:23.907,103019.0000,3.8851,28696.6,2128.8,100626.0000,3.7881,31992.9,1389.0,98113.0000,3.9727,25858.6,3130.1,6648.0
11:19:24.792,102895.0000,3.8803,28856.7,2084.1,100501.0000,3.7867,32042.7,1380.3,98076.0000,3.9743,25808.5,3152.0,6616.4
11:19:25.678,102936.0000,3.8800,28864.3,2082.0,100495.0000,3.7859,32069.7,1375.6,98056.0000,3.9760,25754.7,3175.7,6633.2
11:19:26.564,102980.0000,3.8839,28736.2,2117.6,100595.0000,3.7900,31925.7,1400.9,98163.0000,3.9771,25720.6,3190.8,6709.3
11:19:27.449,103008.0000,3.8840,28733.7,2118.3,100597.0000,3.7906,31906.9,1404.2,98177.0000,3.9763,25743.7,3180.5,6703.1
11:19:28.334,102989.0000,3.8843,28723.4,2121.2,100605.0000,3.7906,31905.5,1404.4,98178.0000,3.9762,25748.6,3178.4,6704.0
11:19:29.219,102985.0000,3.8814,28820.8,2094.0,100529.0000,3.7867,32040.0,1380.8,98078.0000,3.9719,25885.5,3118.5,6593.2
11:19:30.107,102873.0000,3.8797,28877.2,2078.4,100485.0000,3.7858,32072.4,1375.2,98054.0000,3.9741,25815.8,3148.8,6602.4
11:19:30.992,102930.0000,3.8789,28902.8,2071.4,100465.0000,3.7888,31967.4,1393.5,98132.0000,3.9761,25751.1,3177.3,6642.2
11:19:31.877,102983.0000,3.8851,28697.9,2128.4,100625.0000,3.7916,31870.6,1410.7,98204.0000,3.9763,25746.2,3179.4,6718.5
11:19:32.762,102987.0000,3.8851,28695.3,2129.2,100627.0000,3.7914,31877.3,1409.5,98199.0000,3.9763,25746.2,3179.4,6718.1
11:19:33.647,102987.0000,3.8853,28688.9,2131.0,100632.0000,3.7921,31851.8,1414.0,98218.0000,3.9751,25781.6,3163.8,6708.8
11:19:34.532,102958.0000,3.8806,28847.7,2086.6,100508.0000,3.7873,32019.8,1384.3,98093.0000,3.9717,25889.2,3116.9,6587.7
11:19:35.419,102870.0000,3.8784,28919.5,2066.8,100452.0000,3.7868,32038.7,1381.0,98079.0000,3.9741,25815.8,3148.8,6596.6
11:19:36.308,102930.0000,3.8826,28778.5,2105.8,100562.0000,3.7929,31823.6,1419.1,98239.0000,3.9726,25863.5,3128.0,6652.9
11:19:37.194,102891.0000,3.8813,28823.3,2093.3,100527.0000,3.7585,33032.9,1585.4,97346.0000,3.9373,26991.6,2678.1,6356.7
11:19:38.080,101977.0000,3.8520,29802.1,1840.3,99769.0000,3.7498,33339.7,1581.7,97122.0000,3.9373,26991.6,2678.1,6100.1
11:19:38.964,101977.0000,3.8518,29808.6,1838.8,99764.0000,3.7511,33294.5,1582.2,97155.0000,3.9390,26935.6,2698.6,6119.7
11:19:39.850,102022.0000,3.8500,29869.8,1824.2,99717.0000,3.7477,33415.3,1580.8,97067.0000,3.9372,26992.8,2677.6,6082.6
11:19:40.736,101976.0000,3.8486,29918.0,1812.7,99680.0000,3.7474,33426.3,1580.7,97059.0000,3.9388,26941.8,2696.4,6089.8
11:19:41.623,102017.0000,3.8467,29980.6,1798.0,99632.0000,3.7472,33431.8,1580.6,97055.0000,3.9411,26867.2,2724.0,6102.6
11:19:42.508,102077.0000,3.8449,30041.9,1783.7,99585.0000,3.7466,33453.8,1580.4,97039.0000,3.9390,26935.6,2698.6,6062.7
11:19:43.394,102022.0000,3.8464,29992.3,1795.3,99623.0000,3.7470,33441.4,1580.5,97048.0000,3.9390,26936.8,2698.2,6073.9
11:19:44.279,102021.0000,3.8375,30294.4,1726.2,99392.0000,3.7482,33397.4,1581.0,97080.0000,3.9341,27092.6,2641.5,5948.7
11:19:45.164,101896.0000,3.8380,30274.8,1730.6,99407.0000,3.7426,33597.0,1578.7,96935.0000,3.9336,27110.0,2635.2,5944.4
11:19:46.049,101882.0000,3.8390,30243.3,1737.6,99431.0000,3.7426,33597.0,1578.7,96935.0000,3.9346,27076.3,2647.3,5963.6
11:19:46.934,101909.0000,3.8438,30078.5,1775.2,99557.0000,3.7487,33378.2,1581.3,97094.0000,3.9417,26848.6,2730.9,6087.4
11:19:47.820,102092.0000,3.8439,30074.6,1776.1,99560.0000,3.7473,33430.4,1580.6,97056.0000,3.9399,26907.0,2709.2,6066.0
11:19:48.705,102045.0000,3.8453,30030.1,1786.4,99594.0000,3.7484,33389.2,1581.1,97086.0000,3.9400,26903.2,2710.6,6078.1
11:19:49.590,102048.0000,3.8449,30041.9,1783.7,99585.0000,3.7492,33361.7,1581.5,97106.0000,3.9404,26890.8,2715.2,6080.4
11:19:50.475,102058.0000,3.8439,30077.2,1775.5,99558.0000,3.7490,33370.0,1581.4,97100.0000,3.9405,26888.3,2716.1,6073.0
11:19:51.360,102060.0000,3.8441,30070.6,1777.0,99563.0000,3.7505,33315.0,1582.0,97140.0000,3.9404,26889.6,2715.7,6074.7
11:19:52.247,102059.0000,3.8451,30035.4,1785.2,99590.0000,3.7516,33278.0,1582.4,97167.0000,3.9429,26810.0,2745.4,6113.0
11:19:53.135,102123.0000,3.8458,30011.9,1790.7,99608.0000,3.7538,33199.9,1583.4,97224.0000,3.9432,26800.1,2749.1,6123.1
11:19:54.024,102131.0000,3.8451,30036.7,1784.9,99589.0000,3.7541,33188.9,1583.5,97232.0000,3.9436,26788.9,2753.3,6121.7
11:19:54.909,102140.0000,3.8402,30200.1,1747.4,99464.0000,3.7479,33409.8,1580.9,97071.0000,3.9347,27075.1,2647.8,5976.1
11:19:55.795,101910.0000,3.8395,30225.0,1741.8,99445.0000,3.7482,33396.1,1581.0,97081.0000,3.9353,27053.9,2655.4,5978.3
11:19:56.681,101927.0000,3.8397,30217.1,1743.6,99451.0000,3.7512,33289.0,1582.3,97159.0000,3.9421,26837.4,2735.1,6061.0
11:19:57.565,102101.0000,3.8429,30109.8,1768.0,99533.0000,3.7492,33361.7,1581.5,97106.0000,3.9369,27004.1,2673.5,6023.0
11:19:58.451,101967.0000,3.8397,30217.1,1743.6,99451.0000,3.7506,33310.9,1582.1,97143.0000,3.9356,27043.9,2659.0,5984.7
11:19:59.337,101935.0000,3.8396,30222.4,1742.4,99447.0000,3.7525,33245.1,1582.8,97191.0000,3.9421,26836.1,2735.6,6060.8
11:20:00.226,102102.0000,3.8401,30205.3,1746.2,99460.0000,3.7531,33221.8,1583.1,97208.0000,3.9390,26934.3,2699.1,6028.4
11:20:01.111,102023.0000,3.8389,30245.9,1737.0,99429.0000,3.7518,33269.8,1582.5,97173.0000,3.9367,27009.0,2671.7,5991.3
11:20:01.997,101963.0000,3.8430,30107.2,1768.6,99535.0000,3.7560,33119.1,1584.3,97283.0000,3.9411,26868.4,2723.5,6076.5
11:20:02.884,102076.0000,3.8412,30166.1,1755.1,99490.0000,3.7547,33165.6,1583.8,97249.0000,3.9401,26899.5,2712.0,6050.9
11:20:03.770,102051.0000,3.8390,30243.3,1737.6,99431.0000,3.7544,33177.9,1583.6,97240.0000,3.9399,26908.2,2708.7,6030.0
11:20:04.656,102044.0000,3.8382,30268.2,1732.0,99412.0000,3.7542,33184.8,1583.6,97235.0000,3.9356,27045.2,2658.6,5974.2
11:20:05.542,101934.0000,3.8347,30388.9,1705.2,99320.0000,3.7489,33372.7,1581.3,97098.0000,3.9367,27009.0,2671.7,5958.2
11:20:06.427,101963.0000,3.8331,30442.7,1693.3,99279.0000,3.7491,33365.8,1581.4,97103.0000,3.9342,27090.1,2642.4,5917.1
11:20:07.312,101898.0000,3.8389,30247.2,1736.8,99428.0000,3.7548,33164.2,1583.8,97250.0000,3.9395,26919.4,2704.6,6025.2
11:20:08.198,102035.0000,3.8407,30185.7,1750.7,99475.0000,3.7549,33160.1,1583.8,97253.0000,3.9397,26913.2,2706.9,6041.4
11:20:09.084,102040.0000,3.8410,30175.2,1753.1,99483.0000,3.7542,33183.4,1583.6,97236.0000,3.9396,26915.7,2706.0,6042.6
11:20:09.968,102038.0000,3.8411,30170.0,1754.2,99487.0000,3.7513,33286.2,1582.3,97161.0000,3.9394,26923.1,2703.2,6039.8
11:20:10.854,102032.0000,3.8413,30164.8,1755.4,99491.0000,3.7544,33177.9,1583.6,97240.0000,3.9421,26836.1,2735.6,6074.7
11:20:11.743,102102.0000,3.8423,30130.8,1763.2,99517.0000,3.7565,33104.0,1584.5,97294.0000,3.9424,26827.4,2738.8,6086.6
11:20:12.628,102109.0000,3.8383,30266.9,1732.3,99413.0000,3.7477,33416.7,1580.8,0.0000,0.0002,3237455645.5,0.1,3313.2
11:20:13.514,0.0000,0.0000,12950122582.0,0.0,0.0000,0.0000,499999900000.0,0.0,97100.0000,3.9346,27077.6,2646.9,2646.9
11:20:14.400,101908.0000,3.8370,30311.5,1722.4,99379.0000,3.7487,33378.2,1581.3,97094.0000,3.9325,27145.0,2622.7,5926.3
11:20:15.286,0.0000,0.0000,499999900000.0,0.0,99258.0000,3.7487,33380.9,1581.2,97092.0000,3.9352,27057.6,2654.1,4235.3
11:20:16.171,101924.0000,3.8377,30285.2,1728.2,99399.0000,3.7499,33337.0,1581.7,97124.0000,3.9357,27041.4,2659.9,5969.9
11:20:17.057,101937.0000,3.8378,30281.3,1729.1,99402.0000,3.7503,33323.3,1581.9,97134.0000,3.9383,26956.7,2690.9,6001.9
11:20:17.944,102005.0000,3.8378,30281.3,1729.1,99402.0000,3.7545,33172.5,1583.7,97244.0000,3.9389,26940.6,2696.8,6009.6
11:20:18.829,102018.0000,3.8408,30181.8,1751.6,99478.0000,3.7540,33191.6,1583.5,97230.0000,3.9397,26913.2,2706.9,6041.9
11:20:19.714,102040.0000,3.8369,30312.8,1722.1,99378.0000,3.7507,33306.8,1582.1,97146.0000,3.9337,27107.5,2636.1,5940.3
11:20:20.600,101884.0000,3.8377,30286.6,1727.9,99398.0000,3.7505,33316.4,1582.0,97139.0000,3.9352,27058.9,2653.6,5963.5
11:20:21.485,101923.0000,3.8368,30316.7,1721.2,99375.0000,3.7506,33313.7,1582.0,97141.0000,3.9394,26924.4,2702.8,6006.0
11:20:22.370,102031.0000,3.8380,30277.4,1730.0,99405.0000,3.7522,33256.0,1582.7,97183.0000,3.9415,26854.8,2728.6,6041.3
11:20:23.258,102087.0000,3.8380,30277.4,1730.0,99405.0000,3.7536,33204.0,1583.3,97221.0000,3.9415,26856.0,2728.1,6041.5
11:20:24.144,102086.0000,3.8371,30307.5,1723.2,99382.0000,3.7507,33306.8,1582.1,97146.0000,3.9392,26929.4,2700.9,6006.3
11:20:25.030,102027.0000,3.8389,30247.2,1736.8,99428.0000,3.7483,33394.7,1581.1,97082.0000,3.9346,27077.6,2646.9,5964.7
11:20:25.915,101908.0000,3.8329,30448.0,1692.2,99275.0000,3.7470,33438.7,1580.5,97050.0000,3.9348,27070.1,2649.6,5922.3
11:20:26.800,101914.0000,3.8342,30405.9,1701.4,99307.0000,3.7476,33419.4,1580.8,97064.0000,3.9348,27070.1,2649.6,5931.8
11:20:27.685,101914.0000,3.8334,30430.9,1695.9,99288.0000,3.7489,33374.1,1581.3,97097.0000,3.9389,26938.1,2697.7,5975.0
11:20:28.571,102020.0000,3.8373,30299.7,1725.0,99388.0000,3.7478,33412.5,1580.8,97069.0000,3.9376,26981.6,2681.7,5987.6
11:20:29.461,101985.0000,3.8342,30405.9,1701.4,99307.0000,3.7498,33339.7,1581.7,97122.0000,3.9382,26960.5,2689.5,5972.6
11:20:30.346,102002.0000,3.8316,30495.3,1681.9,99239.0000,3.7480,33404.3,1580.9,97075.0000,3.9370,26999.1,2675.4,5938.2
11:20:31.231,101971.0000,3.8381,30272.1,1731.2,99409.0000,3.7509,33299.9,1582.2,97151.0000,3.9391,26931.9,2700.0,6013.4
11:20:32.116,102025.0000,3.8380,30274.8,1730.6,99407.0000,3.7508,33305.4,1582.1,97147.0000,3.9387,26944.3,2695.4,6008.1
11:20:33.001,102015.0000,3.8386,30256.4,1734.7,99421.0000,3.7504,33320.5,1581.9,97136.0000,3.9390,26935.6,2698.6,6015.3
11:20:33.887,102022.0000,3.8388,30248.6,1736.5,99427.0000,3.7506,33312.3,1582.0,97142.0000,3.9390,26934.3,2699.1,6017.6
11:20:34.772,102023.0000,3.8390,30243.3,1737.6,99431.0000,3.7484,33389.2,1581.1,97086.0000,3.9392,26929.4,2700.9,6019.7
11:20:35.659,102027.0000,3.8389,30247.2,1736.8,99428.0000,3.7474,33426.3,1580.7,97059.0000,3.9354,27051.4,2656.3,5973.8
11:20:36.544,101929.0000,3.8347,30388.9,1705.2,99320.0000,3.7466,33455.2,1580.3,97038.0000,3.9352,27058.9,2653.6,5939.1
11:20:37.430,101923.0000,3.8351,30375.7,1708.1,99330.0000,3.7448,33517.1,1579.6,96993.0000,3.9370,26999.1,2675.4,5963.0
11:20:38.315,101971.0000,3.8390,30242.0,1737.9,99432.0000,3.7488,33375.4,1581.3,97096.0000,3.9389,26939.3,2697.3,6016.5
11:20:39.200,102019.0000,3.8392,30236.8,1739.1,99436.0000,3.7485,33385.1,1581.2,97089.0000,3.9394,26923.1,2703.2,6023.5
11:20:40.088,102032.0000,3.8390,30243.3,1737.6,99431.0000,3.7485,33385.1,1581.2,97089.0000,3.9412,26864.7,2724.9,6043.7
11:20:40.977,102079.0000,3.8400,30208.0,1745.6,99458.0000,3.7525,33245.1,1582.8,97191.0000,3.9423,26828.7,2738.4,6066.8
11:20:41.867,102108.0000,3.8400,30209.3,1745.3,99457.0000,3.7533,33216.3,1583.2,97212.0000,3.9423,26828.7,2738.4,6066.9
11:20:42.758,102108.0000,3.8397,30217.1,1743.6,99451.0000,3.7523,33251.9,1582.8,97186.0000,3.9419,26843.6,2732.8,6059.1
11:20:43.644,102096.0000,3.8334,30430.9,1695.9,99288.0000,3.7507,33308.2,1582.1,97145.0000,3.9392,26929.4,2700.9,5979.0
11:20:44.529,102027.0000,3.8323,30471.6,1687.0,99257.0000,3.7468,33446.9,1580.4,97044.0000,3.9383,26956.7,2690.9,5958.3
11:20:45.414,102005.0000,3.8334,30432.2,1695.6,99287.0000,3.7463,33463.4,1580.2,97032.0000,3.9382,26963.0,2688.6,5964.5
11:20:46.300,102000.0000,3.8312,30508.4,1679.0,99229.0000,3.7432,33576.3,1578.9,96950.0000,3.9328,27137.5,2625.4,5883.3
11:20:47.185,101860.0000,3.8314,30499.2,1681.0,99236.0000,3.7436,33562.5,1579.1,96960.0000,3.9314,27181.2,2609.8,5869.9
11:20:48.071,101825.0000,3.8320,30480.8,1685.0,99250.0000,3.7470,33441.4,1580.5,97048.0000,3.9387,26945.5,2695.0,5960.5
11:20:48.957,102014.0000,3.8336,30427.0,1696.8,99291.0000,3.7468,33448.3,1580.4,97043.0000,3.9375,26984.1,2680.8,5958.0
11:20:49.842,101983.0000,3.8357,30354.7,1712.7,99346.0000,3.7469,33442.8,1580.5,97047.0000,3.9356,27046.4,2658.1,5951.4
11:20:50.727,101933.0000,3.8364,30331.1,1718.0,99364.0000,3.7472,33433.2,1580.6,97054.0000,3.9376,26980.4,2682.2,5980.8
11:20:51.613,101986.0000,3.8350,30379.7,1707.2,99327.0000,3.7473,33430.4,1580.6,97056.0000,3.9373,26990.4,2678.5,5966.4
11:20:52.498,101978.0000,3.8365,30325.9,1719.1,99368.0000,3.7477,33416.7,1580.8,97066.0000,3.9372,26994.1,2677.2,5977.1
11:20:53.385,101975.0000,3.8370,30310.1,1722.6,99380.0000,3.7482,33397.4,1581.0,97080.0000,3.9396,26916.9,2705.5,6009.2
11:20:54.271,102037.0000,3.8352,30370.5,1709.2,99334.0000,3.7472,33431.8,1580.6,97055.0000,3.9374,26987.9,2679.5,5969.3
11:20:55.155,101980.0000,3.8374,30297.0,1725.6,99390.0000,3.7458,33484.1,1580.0,97017.0000,3.9378,26974.2,2684.5,5990.0
11:20:56.040,101991.0000,3.8292,30575.6,1664.5,99178.0000,3.7462,33470.3,1580.2,97027.0000,3.9339,27101.3,2638.3,5883.0
11:20:56.925,101889.0000,3.8331,30441.4,1693.6,99280.0000,3.7422,33612.1,1578.5,96924.0000,3.9337,27107.5,2636.1,5908.2
11:20:57.810,101884.0000,3.8330,30446.7,1692.5,99276.0000,3.7438,33552.9,1579.2,96967.0000,3.9338,27102.5,2637.9,5909.6
11:20:58.695,101888.0000,3.8367,30319.3,1720.6,99373.0000,3.7470,33440.0,1580.5,97049.0000,3.9392,26928.1,2701.4,6002.5
11:20:59.581,102028.0000,3.8356,30358.7,1711.9,99343.0000,3.7457,33485.4,1580.0,97016.0000,3.9371,26997.8,2675.8,5967.7
11:21:00.467,101972.0000,3.8355,30360.0,1711.6,99342.0000,3.7463,33464.8,1580.2,97031.0000,3.9379,26971.7,2685.4,5977.2
11:21:01.352,101993.0000,3.8369,30314.1,1721.8,99377.0000,3.7451,33507.4,1579.7,97000.0000,3.9343,27088.8,2642.8,5944.3
11:21:02.238,101899.0000,3.8331,30444.0,1693.0,99278.0000,3.7429,33584.6,1578.8,96944.0000,3.9335,27112.5,2634.3,5906.2
11:21:03.123,101880.0000,3.8324,30466.4,1688.2,99261.0000,3.7413,33642.5,1578.1,96902.0000,3.9254,27375.1,2542.0,5808.3
11:21:04.008,101670.0000,3.8246,30732.4,1631.2,99059.0000,3.7415,33635.6,1578.2,96907.0000,3.9195,27568.3,2476.3,5685.7
11:21:04.897,101516.0000,3.8227,30798.4,1617.4,99009.0000,3.7429,33585.9,1578.8,96943.0000,3.9146,27726.8,2423.9,5620.1
11:21:05.782,101390.0000,3.8233,30776.0,1622.1,99026.0000,3.7405,33671.4,1577.8,96881.0000,3.9182,27611.0,2462.1,5661.9
11:21:06.669,101482.0000,3.8213,30846.0,1607.5,98973.0000,3.7367,33809.6,1576.2,96781.0000,3.9151,27710.4,2429.2,5612.9
11:21:07.554,101403.0000,3.8204,30875.1,1601.6,98951.0000,3.7360,33831.7,1575.9,96765.0000,3.9153,27702.9,2431.7,5609.2
11:21:08.439,101409.0000,3.8210,30856.6,1605.4,98965.0000,3.7371,33793.0,1576.4,96793.0000,3.9194,27570.8,2475.5,5657.2
11:21:09.325,101514.0000,3.8254,30704.7,1637.0,99080.0000,3.7379,33766.7,1576.7,96812.0000,3.9192,27577.1,2473.4,5687.1
11:21:10.211,101509.0000,3.8251,30715.3,1634.8,99072.0000,3.7369,33799.9,1576.3,96788.0000,3.9215,27503.0,2498.3,5709.4
11:21:11.097,101568.0000,3.8229,30789.2,1619.3,99016.0000,3.7355,33852.4,1575.7,96750.0000,3.9190,27582.1,2471.7,5666.7
11:21:11.982,101505.0000,3.8249,30721.9,1633.4,99067.0000,3.7359,33835.8,1575.8,96762.0000,3.9194,27569.5,2475.9,5685.2
11:21:12.868,101515.0000,3.8255,30702.1,1637.6,99082.0000,3.7359,33837.2,1575.8,96761.0000,3.9199,27554.5,2481.0,5694.4
11:21:13.753,101527.0000,3.8246,30732.4,1631.2,99059.0000,3.7362,33824.8,1576.0,96770.0000,3.9204,27536.9,2486.9,5694.1
11:21:14.638,101541.0000,3.8256,30696.8,1638.7,99086.0000,3.7362,33827.5,1575.9,96768.0000,3.9201,27546.9,2483.5,5698.1
11:21:15.525,101533.0000,3.8254,30704.7,1637.0,99080.0000,3.7361,33828.9,1575.9,96767.0000,3.9222,27477.9,2506.8,5719.8
11:21:16.411,101588.0000,3.8236,30765.4,1624.3,99034.0000,3.7350,33867.6,1575.5,96739.0000,3.9169,27651.3,2448.7,5648.5
11:21:17.296,101450.0000,3.8218,30827.5,1611.4,98987.0000,3.7324,33963.2,1574.4,96670.0000,3.9163,27672.7,2441.7,5627.4
11:21:18.182,101433.0000,3.8216,30836.8,1609.5,98980.0000,3.7318,33984.0,1574.1,96655.0000,3.9164,27668.9,2442.9,5626.5
11:21:19.067,101436.0000,3.8258,30692.8,1639.5,99089.0000,3.7351,33864.9,1575.5,96741.0000,3.9204,27538.1,2486.4,5701.5
11:21:19.953,101540.0000,3.8256,30699.4,1638.2,99084.0000,3.7358,33838.6,1575.8,96760.0000,3.9196,27564.5,2477.6,5691.6
11:21:20.840,101519.0000,3.8254,30704.7,1637.0,99080.0000,3.7362,33826.1,1576.0,96769.0000,3.9231,27451.5,2515.8,5728.8
11:21:21.729,101609.0000,3.8262,30677.0,1642.9,99101.0000,3.7371,33793.0,1576.4,96793.0000,3.9246,27400.1,2533.4,5752.6
11:21:22.619,101650.0000,3.8377,30287.9,1727.6,99397.0000,3.7453,33501.9,1579.8,97004.0000,3.9413,26861.0,2726.3,6033.7
11:21:23.504,102082.0000,3.8423,30129.4,1763.5,99518.0000,3.7461,33471.7,1580.1,97026.0000,3.9403,26893.3,2714.3,6057.9
11:21:24.390,102056.0000,3.8446,30052.3,1781.3,99577.0000,3.7470,33440.0,1580.5,97049.0000,3.9391,26933.1,2699.6,6061.4
11:21:25.276,102024.0000,3.8431,30102.0,1769.8,99539.0000,3.7471,33437.3,1580.6,97051.0000,3.9413,26862.2,2725.8,6076.2
11:21:26.162,102081.0000,3.8437,30083.7,1774.0,99553.0000,3.7464,33462.0,1580.3,97033.0000,3.9412,26864.7,2724.9,6079.2
11:21:27.047,102079.0000,3.8429,30109.8,1768.0,99533.0000,3.7435,33565.3,1579.0,96958.0000,3.9361,27030.2,2664.0,6011.1
11:21:27.933,101946.0000,3.8401,30204.0,1746.5,99461.0000,3.7441,33544.6,1579.3,96973.0000,3.9401,26899.5,2712.0,6037.8
11:21:28.818,102051.0000,3.8392,30234.1,1739.7,99438.0000,3.7446,33526.7,1579.5,96986.0000,3.9417,26849.8,2730.5,6049.7
11:21:29.704,102091.0000,3.8440,30073.2,1776.4,99561.0000,3.7477,33415.3,1580.8,97067.0000,3.9402,26898.3,2712.4,6069.7
11:21:30.590,102052.0000,3.8439,30077.2,1775.5,99558.0000,3.7480,33404.3,1580.9,97075.0000,3.9417,26849.8,2730.5,6087.0
11:21:31.476,102091.0000,3.8441,30068.0,1777.7,99565.0000,3.7484,33391.9,1581.1,97084.0000,3.9419,26842.3,2733.3,6092.0
11:21:32.362,102097.0000,3.8441,30070.6,1777.0,99563.0000,3.7492,33363.1,1581.4,97105.0000,3.9426,26821.2,2741.2,6099.6
11:21:33.249,102114.0000,3.8434,30092.8,1771.9,99546.0000,3.7489,33372.7,1581.3,97098.0000,3.9392,26930.6,2700.5,6053.7
11:21:34.139,102026.0000,3.8134,31117.6,1552.5,98768.0000,1.3887,260048.4,585.8,35968.0000,0.3729,1240741.5,157.3,2295.6
11:21:35.025,9659.0000,0.2748,1719618.2,115.9,7117.0000,0.2770,1705160.7,116.8,7174.0000,2.6421,89245.0,1114.5,1347.2
11:21:35.910,68431.0000,0.2723,1736129.7,114.9,7053.0000,0.2723,1736390.0,114.8,7052.0000,2.5686,94661.2,1083.4,1313.2
11:21:36.795,66527.0000,0.2717,1740304.5,114.6,7037.0000,0.4625,980986.9,195.1,11980.0000,2.5668,94798.8,1082.7,1392.4
11:21:37.680,66480.0000,0.2716,1740827.7,114.6,7035.0000,0.6578,660078.8,277.5,17038.0000,2.5956,92637.1,1094.8,1486.9
11:21:38.565,67226.0000,0.2727,1733270.5,115.0,7064.0000,1.1354,340378.9,478.9,29407.0000,2.5830,93570.0,1089.6,1683.5
11:21:39.452,66902.0000,0.2724,1735869.4,114.9,7054.0000,1.1640,329554.9,491.0,30148.0000,2.5815,93682.9,1088.9,1694.8
11:21:40.337,66863.0000,0.2781,1698142.5,117.3,7202.0000,1.0535,374627.9,444.4,27285.0000,2.6510,88608.3,1118.2,1679.9
11:21:41.222,68662.0000,0.2724,1735869.4,114.9,7054.0000,0.9440,429683.1,398.2,24449.0000,2.6577,88131.5,1121.1,1634.1
11:21:42.107,68836.0000,0.2723,1736390.0,114.8,7052.0000,0.8461,490956.6,356.9,21914.0000,2.6535,88427.2,1119.3,1591.0
11:21:42.992,68728.0000,0.2722,1736650.5,114.8,7051.0000,0.5845,755364.8,246.6,15140.0000,2.6254,90450.1,1107.4,1468.8
11:21:43.877,67998.0000,0.2716,1740827.7,114.6,7035.0000,0.2713,1742923.4,114.4,7027.0000,2.7320,83018.7,1152.4,1381.4
11:21:44.763,70759.0000,0.2712,1743710.5,114.4,7024.0000,0.2721,1737432.3,114.8,7048.0000,2.7031,84971.5,1140.2,1369.4
11:21:45.652,70012.0000,0.8803,468017.1,371.3,22799.0000,0.3091,1517564.6,130.4,8006.0000,2.0185,147713.7,851.4,1353.1
11:21:46.538,52279.0000,0.2479,1916540.4,104.6,6422.0000,0.5906,746641.1,249.1,15296.0000,2.1506,132491.2,907.2,1260.8
11:21:47.423,55702.0000,0.2683,1763609.5,113.2,6949.0000,0.8554,484554.6,360.8,22154.0000,2.0063,149215.3,846.3,1320.2
11:21:48.309,51964.0000,0.1626,2975331.9,68.6,4211.0000,0.1896,2536982.8,80.0,4911.0000,2.2372,123491.6,943.7,1092.2
11:21:49.195,57945.0000,0.2694,1755864.5,113.6,6978.0000,0.2706,1747656.2,114.1,7009.0000,2.2598,121254.1,953.2,1181.0
11:21:50.080,58531.0000,0.2495,1903747.9,105.3,6463.0000,0.2406,1978020.3,101.5,6232.0000,2.1611,131361.4,911.6,1118.3
11:21:50.966,55974.0000,0.2710,1745286.8,114.3,7018.0000,0.2713,1742661.2,114.5,7028.0000,2.3185,115653.7,978.0,1206.7
11:21:51.851,60051.0000,0.2717,1740566.0,114.6,7036.0000,0.2713,1742923.4,114.4,7027.0000,2.3177,115729.2,977.6,1206.7
11:21:52.737,60030.0000,0.7339,581268.0,309.6,19009.0000,0.2720,1738214.7,114.7,7045.0000,2.2389,123325.9,944.4,1368.7
11:21:53.622,57988.0000,0.8563,483922.0,361.2,22178.0000,0.9781,411219.9,412.6,25332.0000,1.7672,182928.9,745.4,1519.2
11:21:54.508,45772.0000,0.2771,1704406.1,116.9,7177.0000,1.5455,223521.0,651.9,40029.0000,1.9866,151680.5,838.0,1606.8
11:21:55.393,51455.0000,0.2782,1697393.8,117.3,7205.0000,1.4363,248114.9,605.8,37201.0000,2.9772,67944.8,1255.8,1979.0
11:21:56.281,77110.0000,0.2726,1734309.1,115.0,7060.0000,1.4512,244539.9,612.1,37587.0000,2.8322,76539.4,1194.7,1921.8
11:21:57.169,73356.0000,0.2539,1869316.1,107.1,6576.0000,1.4340,248677.3,604.9,37141.0000,2.8476,75584.3,1201.2,1913.1
11:21:58.056,73755.0000,0.2144,2231692.9,90.5,5554.0000,1.4723,239597.8,621.0,38134.0000,2.8933,72814.8,1220.4,1931.9
11:21:58.941,74937.0000,0.2348,2029270.4,99.1,6082.0000,1.5670,219073.2,661.0,40587.0000,2.8862,73235.5,1217.4,1977.5
11:21:59.826,74755.0000,0.2205,2167989.9,93.0,5710.0000,1.5185,229262.5,640.5,39331.0000,2.8745,73940.6,1212.5,1946.0
11:22:00.712,74452.0000,0.2258,2114091.7,95.3,5849.0000,1.5946,213564.7,672.6,41300.0000,3.0251,65284.7,1276.0,2043.9
11:22:01.597,78351.0000,0.2521,1883492.5,106.3,6529.0000,1.6304,206681.1,687.7,42227.0000,2.9530,69319.4,1245.6,2039.6
11:22:02.483,76484.0000,0.2397,1986053.9,101.1,6208.0000,1.6704,199330.2,704.6,43264.0000,2.8368,76253.5,1196.6,2002.3
11:22:03.369,73475.0000,0.2691,1757728.1,113.5,6971.0000,1.7164,191310.8,724.0,44455.0000,2.9825,67644.8,1258.0,2095.6
11:22:04.254,77248.0000,0.2742,1723204.6,115.7,7103.0000,1.7309,188861.1,730.1,44832.0000,2.9850,67506.0,1259.1,2104.9
11:22:05.139,77312.0000,0.2733,1729644.3,115.3,7078.0000,1.7047,193303.3,719.1,44153.0000,3.0720,62760.8,1295.8,2130.1
11:22:06.024,79566.0000,0.2736,1727578.7,115.4,7086.0000,1.7309,188861.1,730.1,44832.0000,3.2074,55889.7,1352.9,2198.4
11:22:06.910,83073.0000,0.2737,1727063.0,115.4,7088.0000,1.7363,187968.3,732.4,44971.0000,3.1845,57008.6,1343.3,2191.1
11:22:07.795,82481.0000,0.2735,1728094.7,115.4,7084.0000,1.7592,184220.5,742.0,45564.0000,3.1225,60128.4,1317.1,2174.5
11:22:08.684,80874.0000,0.2713,1742923.4,114.4,7027.0000,1.7622,183728.6,743.3,45643.0000,3.1029,61140.6,1308.8,2166.6
11:22:09.569,80366.0000,0.2735,1728094.7,115.4,7084.0000,1.7178,191068.6,724.6,44492.0000,3.2808,52404.0,1383.9,2223.8
11:22:10.454,84973.0000,0.2801,1685252.6,118.1,7254.0000,1.7222,190331.2,726.4,44605.0000,3.5050,42653.4,1478.4,2323.0
11:22:11.340,90781.0000,0.2757,1713502.7,116.3,7141.0000,1.7733,181955.6,748.0,45930.0000,3.4852,43464.2,1470.1,2334.4
11:22:12.225,90268.0000,0.2739,1725775.1,115.5,7093.0000,1.7529,185240.9,739.4,45401.0000,3.4711,44045.0,1464.2,2319.1
11:22:13.110,89904.0000,0.2736,1727320.8,115.4,7087.0000,1.5999,212520.5,674.9,41438.0000,3.4041,46882.9,1435.9,2226.1
11:22:13.997,88167.0000,0.2742,1723204.6,115.7,7103.0000,1.6500,203021.3,696.0,42737.0000,3.3273,50271.2,1403.5,2215.2
11:22:14.885,86179.0000,0.2679,1766564.2,113.0,6938.0000,1.6572,201722.3,699.0,42921.0000,3.3081,51146.4,1395.4,2207.4
11:22:15.770,85680.0000,0.2738,1726032.5,115.5,7092.0000,1.6769,198165.5,707.3,43433.0000,3.3037,51344.2,1393.5,2216.4
11:22:16.655,85568.0000,0.2740,1725003.2,115.6,7096.0000,1.6867,196445.5,711.4,43685.0000,3.3062,51229.3,1394.6,2221.6
11:22:17.541,85633.0000,0.2737,1726547.6,115.5,7090.0000,1.6860,196567.7,711.2,43667.0000,3.3082,51139.3,1395.4,2222.1
11:22:18.427,85684.0000,0.2734,1728610.9,115.3,7082.0000,1.6936,195235.8,714.4,43864.0000,3.2962,51691.7,1390.4,2220.1
11:22:19.313,85372.0000,0.2735,1728094.7,115.4,7084.0000,1.7009,193969.1,717.4,44053.0000,3.2996,51533.7,1391.8,2224.6
11:22:20.200,85461.0000,0.2746,1720641.4,115.8,7113.0000,1.7048,193283.4,719.1,44156.0000,3.2964,51679.2,1390.5,2225.4
11:22:21.089,85379.0000,0.2690,1759061.5,113.4,6966.0000,1.7043,193376.4,718.9,44142.0000,3.2951,51739.7,1389.9,2222.2
11:22:21.974,85345.0000,0.2740,1724746.0,115.6,7097.0000,1.7059,193104.2,719.6,44183.0000,3.2962,51689.9,1390.4,2225.5
11:22:22.859,85373.0000,0.2737,1727063.0,115.4,7088.0000,1.7066,192984.8,719.8,44201.0000,3.3014,51452.2,1392.6,2227.8
11:22:23.744,85507.0000,0.2736,1727320.8,115.4,7087.0000,1.7050,193263.5,719.2,44159.0000,3.2848,52214.1,1385.6,2220.2
11:22:24.629,85079.0000,0.2735,1728094.7,115.4,7084.0000,1.7093,192515.0,721.0,44272.0000,3.2533,53690.0,1372.3,2208.7
11:22:25.515,84262.0000,0.2794,1689693.6,117.8,7236.0000,1.7109,192244.3,721.7,44313.0000,3.2506,53819.6,1371.1,2210.6
11:22:26.402,84191.0000,0.2759,1712487.4,116.4,7145.0000,1.7163,191330.5,723.9,44452.0000,3.2285,54871.8,1361.8,2202.1
11:22:27.287,83619.0000,0.2742,1723461.4,115.7,7102.0000,1.7121,192046.6,722.2,44343.0000,3.2023,56135.9,1350.8,2188.6
11:22:28.172,82942.0000,0.2733,1729644.3,115.3,7078.0000,1.7355,188096.4,732.1,44951.0000,3.2040,56055.0,1351.5,2198.8
11:22:29.058,82985.0000,0.2740,1725003.2,115.6,7096.0000,1.8756,166586.2,791.1,48578.0000,3.4935,43121.7,1473.6,2380.3
11:22:29.943,90484.0000,0.2739,1725775.1,115.5,7093.0000,1.7258,189720.6,728.0,44699.0000,3.5674,40157.0,1504.8,2348.3
11:22:30.829,92398.0000,0.2736,1727320.8,115.4,7087.0000,1.7362,187981.1,732.4,44969.0000,3.0612,63335.6,1291.2,2139.0
11:22:31.715,79286.0000,0.3489,1333022.3,147.2,9037.0000,2.3041,117008.9,971.9,59676.0000,3.1775,57355.8,1340.3,2459.4
11:22:32.601,82299.0000,0.4995,901022.1,210.7,12937.0000,2.5539,95776.5,1077.3,66148.0000,3.4035,46907.9,1435.6,2723.6
11:22:33.485,88152.0000,2.7218,83698.9,1148.1,70497.0000,2.6023,92137.0,1097.7,67401.0000,3.4830,43553.2,1469.2,3715.0
11:22:34.370,90212.0000,3.1955,56469.8,1347.9,82765.0000,2.7840,79594.8,1174.3,72108.0000,3.5975,38985.2,1517.5,4039.7
11:22:35.257,93177.0000,3.3296,50166.7,1404.5,86239.0000,2.8647,74540.7,1208.3,74196.0000,3.6513,36936.5,1540.2,4153.0
11:22:36.143,94571.0000,3.4761,43840.2,1466.2,90032.0000,3.0477,64055.6,1285.6,78938.0000,3.7289,34089.4,1572.9,4324.7
11:22:37.030,96579.0000,3.5677,40147.9,1504.9,92404.0000,3.1964,56426.3,1348.3,82788.0000,3.7729,32523.8,1299.3,4152.4
11:22:37.919,97720.0000,3.6679,36318.1,1547.2,95000.0000,3.2983,51594.0,1391.2,85427.0000,3.8116,31177.4,1540.7,4479.1
11:22:38.808,98723.0000,3.7511,33293.1,1582.3,97156.0000,3.4308,45739.0,1447.1,88859.0000,3.8589,29569.6,1897.2,4926.6
11:22:39.694,99948.0000,3.7873,32018.5,1384.5,98094.0000,3.4694,44118.7,1463.4,89858.0000,3.8659,29336.7,1956.1,4804.0
11:22:40.580,100128.0000,3.8085,31286.4,1519.4,98641.0000,3.4916,43199.2,1472.8,90435.0000,3.8920,28469.3,2194.2,5186.4
11:22:41.465,100804.0000,3.8398,30214.5,1744.1,99453.0000,3.5611,40404.6,1502.1,92235.0000,3.9045,28056.5,2318.7,5565.0
11:22:42.350,101129.0000,3.8591,29563.1,1898.8,99953.0000,3.5935,39142.0,1515.8,93072.0000,3.9504,26570.8,2836.9,6251.4
11:22:43.235,102316.0000,3.8746,29046.7,2032.3,100353.0000,3.6453,37164.2,1537.6,94414.0000,3.9643,26124.6,3016.8,6586.8
11:22:44.122,102678.0000,3.9071,27972.9,2344.9,101195.0000,3.6856,35664.1,1554.6,95458.0000,3.9700,25943.1,3093.7,6993.2
11:22:45.007,102826.0000,3.9327,27140.0,2624.5,101858.0000,3.6967,35254.6,1559.3,95747.0000,3.9890,25345.8,3362.2,7546.0
11:22:45.892,103316.0000,3.9611,26229.1,2973.6,102593.0000,3.7584,33035.7,1585.3,97344.0000,4.0050,24845.5,3607.3,8166.2
11:22:46.777,103730.0000,3.9821,25563.3,3261.5,103137.0000,3.7887,31972.8,1392.6,98128.0000,4.0097,24697.6,3683.4,8337.5
11:22:47.662,103853.0000,3.9893,25334.8,3367.4,103325.0000,3.7705,32609.3,1285.5,97657.0000,3.9766,25735.2,3184.3,7837.1
11:22:48.547,102996.0000,3.9329,27131.2,2627.6,101865.0000,3.6287,37791.8,1530.6,93984.0000,3.8469,29975.3,1799.2,5957.4
11:22:49.433,99636.0000,3.9016,28152.8,2289.0,101053.0000,3.6373,37464.1,1534.3,94208.0000,3.8538,29740.9,1855.1,5678.3
11:22:50.319,99816.0000,3.8976,28283.5,2249.3,100950.0000,3.6485,37040.8,1539.0,94499.0000,3.8563,29657.8,1875.4,5663.7
11:22:51.203,99880.0000,3.9011,28169.3,2283.9,101040.0000,3.6501,36981.4,1539.7,94540.0000,3.8595,29550.2,1902.0,5725.6
11:22:52.089,99963.0000,3.8973,28293.7,2246.2,100942.0000,3.6304,37725.8,1531.3,94029.0000,3.8495,29885.4,1820.4,5598.0
11:22:52.975,99705.0000,3.8926,28447.7,2200.5,100821.0000,3.6470,37097.4,1538.4,94460.0000,3.8391,30239.4,1738.5,5477.4
11:22:53.860,99434.0000,3.8946,28381.5,2220.0,100873.0000,3.6509,36951.0,1540.0,94561.0000,3.8515,29819.0,1836.3,5596.3
11:22:54.746,99756.0000,3.8948,28376.4,2221.6,100877.0000,3.6504,36969.8,1539.8,94548.0000,3.8536,29747.4,1853.5,5614.9
11:22:55.632,99811.0000,3.8940,28403.1,2213.6,100856.0000,3.6455,37154.1,1537.7,94421.0000,3.8520,29802.1,1840.3,5591.7
11:22:56.517,99769.0000,3.8958,28343.3,2231.4,100903.0000,3.6472,37091.6,1538.4,94464.0000,3.8541,29733.2,1857.0,5626.8
11:22:57.402,99822.0000,3.8963,28325.5,2236.7,100917.0000,3.6506,36965.5,1539.8,94551.0000,3.8540,29735.8,1856.4,5632.9
11:22:58.288,99820.0000,3.8966,28317.9,2239.0,100923.0000,3.6525,36893.1,1540.7,94601.0000,3.8545,29720.2,1860.2,5639.8
11:22:59.173,99832.0000,3.8968,28309.0,2241.7,100930.0000,3.6634,36486.2,1545.2,94883.0000,3.8550,29703.3,1864.3,5651.2
11:23:00.060,99845.0000,3.8972,28297.5,2245.1,100939.0000,3.6680,36312.4,1547.2,95004.0000,3.8573,29624.1,1883.7,5676.0
11:23:00.950,99906.0000,3.8978,28278.4,2250.8,100954.0000,3.6719,36167.6,1548.9,95105.0000,3.8573,29624.1,1883.7,5683.4
11:23:01.840,99906.0000,3.8973,28295.0,2245.8,100941.0000,3.6738,36097.5,1549.7,95154.0000,3.8580,29602.0,1889.1,5684.6
11:23:02.725,99923.0000,3.8961,28331.8,2234.8,100912.0000,3.6738,36100.4,1549.6,95152.0000,3.8559,29672.1,1871.9,5656.3
11:23:03.610,99869.0000,3.8982,28265.7,2254.6,100964.0000,3.6730,36127.6,1549.3,95133.0000,3.8561,29663.0,1874.1,5678.1
11:23:04.495,99876.0000,3.8970,28305.1,2242.8,100933.0000,3.6745,36074.6,1549.9,95170.0000,3.8564,29655.2,1876.0,5668.7
11:23:05.380,99882.0000,3.8964,28324.2,2237.1,100918.0000,3.6777,35953.2,1551.3,95255.0000,3.8566,29648.7,1877.6,5666.0
11:23:06.267,99887.0000,3.8986,28250.5,2259.2,100976.0000,3.6763,36006.0,1550.7,95218.0000,3.8567,29643.5,1878.9,5688.8
11:23:07.154,99891.0000,3.8986,28250.5,2259.2,100976.0000,3.6742,36084.6,1549.8,95163.0000,3.8588,29573.5,1896.2,5705.3
11:23:08.038,99945.0000,3.8979,28273.4,2252.3,100958.0000,3.6706,36219.2,1548.3,95069.0000,3.8566,29647.4,1877.9,5678.6
11:23:08.924,99888.0000,3.8994,28225.1,2266.9,100996.0000,3.6740,36091.8,1549.7,95158.0000,3.8568,29642.2,1879.2,5695.9
11:23:09.809,99892.0000,3.8902,28526.7,2177.5,100759.0000,3.6726,36141.9,1549.2,95123.0000,3.8547,29712.4,1862.0,5588.7
11:23:10.695,99838.0000,3.9007,28183.2,2279.7,101029.0000,3.6750,36056.0,1550.1,95183.0000,3.8570,29633.2,1881.4,5711.3
11:23:11.581,99899.0000,3.8975,28286.1,2248.5,100948.0000,3.6736,36106.1,1549.6,95148.0000,3.8545,29718.9,1860.5,5658.6
11:23:12.468,99833.0000,3.8955,28353.5,2228.4,100895.0000,3.6704,36223.5,1548.2,95066.0000,3.8573,29622.8,1884.0,5660.6
11:23:13.354,99907.0000,3.8945,28386.5,2218.5,100869.0000,3.6758,36026.0,1550.5,95204.0000,3.8554,29687.7,1868.1,5637.1
11:23:14.240,99857.0000,3.8955,28352.2,2228.7,100896.0000,3.6750,36053.2,1550.2,95185.0000,3.8549,29704.6,1863.9,5642.9
11:23:15.125,99844.0000,3.8953,28361.1,2226.1,100889.0000,3.6754,36038.9,1550.3,95195.0000,3.8540,29734.5,1856.7,5633.1
11:23:16.010,99821.0000,3.8959,28339.5,2232.5,100906.0000,3.6753,36041.8,1550.3,95193.0000,3.8555,29685.1,1868.7,5651.5
11:23:16.895,99859.0000,3.8959,28339.5,2232.5,100906.0000,3.6759,36020.3,1550.5,95208.0000,3.8552,29694.2,1866.5,5649.6
11:23:17.782,99852.0000,3.8961,28331.8,2234.8,100912.0000,3.6756,36031.7,1550.4,95200.0000,3.8568,29639.6,1879.9,5665.1
11:23:18.671,99894.0000,3.8976,28283.5,2249.3,100950.0000,3.6781,35938.9,1551.5,95265.0000,3.8584,29587.8,1892.7,5693.4
11:23:19.560,99934.0000,3.8974,28289.9,2247.4,100945.0000,3.6790,35904.7,1551.9,95289.0000,3.8584,29589.1,1892.3,5691.6
11:23:20.447,99933.0000,3.8938,28408.2,2212.1,100852.0000,3.6764,36001.7,1550.8,95221.0000,3.8560,29666.9,1873.2,5636.0
11:23:21.333,99873.0000,3.8963,28326.8,2236.3,100916.0000,3.6774,35966.1,1551.2,95246.0000,3.8561,29663.0,1874.1,5661.6
11:23:22.219,99876.0000,3.8967,28312.8,2240.5,100927.0000,3.6768,35988.9,1550.9,95230.0000,3.8560,29666.9,1873.2,5664.6
11:23:23.104,99873.0000,3.8970,28302.6,2243.6,100935.0000,3.6799,35871.9,1552.2,95312.0000,3.8561,29664.3,1873.8,5669.6
11:23:23.989,99875.0000,3.8957,28345.8,2230.6,100901.0000,3.6796,35886.2,1552.1,95302.0000,3.8558,29673.4,1871.6,5654.3
11:23:24.874,99868.0000,3.8970,28305.1,2242.8,100933.0000,3.6796,35883.3,1552.1,95304.0000,3.8556,29679.9,1870.0,5664.9
11:23:25.759,99863.0000,3.8972,28297.5,2245.1,100939.0000,3.6798,35876.2,1552.2,95309.0000,3.8562,29660.4,1874.7,5672.0
11:23:26.645,99878.0000,3.8961,28333.1,2234.4,100911.0000,3.6797,35881.9,1552.1,95305.0000,3.8564,29655.2,1876.0,5662.6
11:23:27.531,99882.0000,3.8976,28283.5,2249.3,100950.0000,3.6799,35871.9,1552.2,95312.0000,3.8565,29651.3,1877.0,5678.5
11:23:28.415,99885.0000,3.8976,28283.5,2249.3,100950.0000,3.6794,35890.4,1552.0,95299.0000,3.8563,29659.1,1875.1,5676.4
11:23:29.301,99879.0000,3.8973,28292.4,2246.6,100943.0000,3.6768,35986.0,1550.9,95232.0000,3.8567,29646.1,1878.3,5675.8
11:23:30.189,99889.0000,3.8973,28292.4,2246.6,100943.0000,3.6796,35883.3,1552.1,95304.0000,3.8590,29568.3,1897.5,5696.2
11:23:31.079,99949.0000,3.8989,28241.6,2261.9,100983.0000,3.6805,35850.5,1552.5,95327.0000,3.8590,29567.0,1897.8,5712.2
11:23:31.964,99950.0000,3.8968,28311.5,2240.9,100928.0000,3.6748,36061.8,1550.1,95179.0000,3.8564,29655.2,1876.0,5667.0
11:23:32.849,99882.0000,3.8981,28268.3,2253.9,100962.0000,3.6763,36004.6,1550.7,95219.0000,3.8563,29659.1,1875.1,5679.7
11:23:33.734,99879.0000,3.8965,28321.7,2237.8,100920.0000,3.6750,36056.0,1550.1,95183.0000,3.8565,29652.6,1876.7,5664.6
11:23:34.620,99884.0000,3.8966,28316.6,2239.4,100924.0000,3.6744,36077.5,1549.9,95168.0000,3.8560,29666.9,1873.2,5662.4
11:23:35.505,99873.0000,3.8957,28347.1,2230.3,100900.0000,3.6752,36046.0,1550.2,95190.0000,3.8563,29657.8,1875.4,5655.9
11:23:36.392,99880.0000,3.8969,28307.7,2242.0,100931.0000,3.6743,36081.8,1549.8,95165.0000,3.8586,29580.0,1894.6,5686.5
11:23:37.278,99940.0000,3.8958,28343.3,2231.4,100903.0000,3.6760,36016.0,1550.6,95211.0000,3.8558,29674.7,1871.2,5653.2
11:23:38.163,99867.0000,3.8971,28300.1,2244.3,100937.0000,3.6763,36007.5,1550.7,95217.0000,3.8567,29643.5,1878.9,5673.9
11:23:39.049,99891.0000,3.8973,28292.4,2246.6,100943.0000,3.6758,36026.0,1550.5,95204.0000,3.8571,29630.6,1882.1,5679.2
11:23:39.935,99901.0000,3.8975,28287.3,2248.1,100947.0000,3.6740,36090.4,1549.7,95159.0000,3.8549,29704.6,1863.9,5661.8
11:23:40.820,99844.0000,3.8975,28287.3,2248.1,100947.0000,3.6736,36107.5,1549.5,95147.0000,3.8568,29640.9,1879.5,5677.2
11:23:41.705,99893.0000,3.8975,28288.6,2247.8,100946.0000,3.6734,36114.7,1549.5,95142.0000,3.8594,29555.3,1900.7,5697.9
11:23:42.595,99959.0000,3.8982,28263.2,2255.4,100966.0000,3.6753,36043.2,1550.3,95192.0000,3.8591,29563.1,1898.8,5704.5
11:23:43.481,99953.0000,3.8966,28316.6,2239.4,100924.0000,3.6704,36226.4,1548.2,95064.0000,3.8534,29756.5,1851.3,5638.9
11:23:44.366,99804.0000,3.8940,28403.1,2213.6,100856.0000,3.6696,36256.5,1547.9,95043.0000,3.8534,29755.2,1851.6,5613.1
11:23:45.252,99805.0000,3.8915,28484.6,2189.7,100792.0000,3.6697,36249.3,1547.9,95048.0000,3.8556,29682.5,1869.3,5607.0
11:23:46.137,99861.0000,3.8970,28305.1,2242.8,100933.0000,3.6735,36111.8,1549.5,95144.0000,3.8574,29620.2,1884.6,5676.9
11:23:47.023,99909.0000,3.8977,28281.0,2250.0,100952.0000,3.6709,36206.3,1548.4,95078.0000,3.8538,29742.2,1854.8,5653.3
11:23:47.910,99815.0000,3.8945,28385.3,2218.9,100870.0000,3.6702,36230.7,1548.1,95061.0000,3.8557,29677.3,1870.6,5637.7
11:23:48.800,99865.0000,3.8938,28408.2,2212.1,100852.0000,3.6732,36120.4,1549.4,95138.0000,3.8596,29547.6,1902.7,5664.2
11:23:49.685,99965.0000,3.8968,28311.5,2240.9,100928.0000,3.6741,36088.9,1549.8,95160.0000,3.8564,29653.9,1876.3,5667.0
11:23:50.571,99883.0000,3.8983,28261.9,2255.8,100967.0000,3.6742,36084.6,1549.8,95163.0000,3.8574,29621.5,1884.3,5689.9
11:23:51.456,99908.0000,3.8977,28282.3,2249.7,100951.0000,3.6739,36094.7,1549.7,95156.0000,3.8577,29612.4,1886.6,5685.9
11:23:52.341,99915.0000,3.8983,28260.7,2256.2,100968.0000,3.6748,36061.8,1550.1,95179.0000,3.8588,29574.8,1895.9,5702.1
11:23:53.227,99944.0000,3.8982,28265.7,2254.6,100964.0000,3.6759,36021.7,1550.5,95207.0000,3.8592,29560.5,1899.4,5704.6
11:23:54.112,99955.0000,3.8963,28325.5,2236.7,100917.0000,3.6734,36113.2,1549.5,95143.0000,3.8603,29524.2,1908.5,5694.7
11:23:54.998,99983.0000,3.8958,28342.0,2231.8,100904.0000,3.6719,36170.5,1548.8,95103.0000,3.8581,29598.1,1890.1,5670.7
11:23:55.883,99926.0000,3.8972,28297.5,2245.1,100939.0000,3.6743,36078.9,1549.9,95167.0000,3.8580,29602.0,1889.1,5684.1
11:23:56.768,99923.0000,3.8975,28288.6,2247.8,100946.0000,3.6731,36126.1,1549.3,95134.0000,3.8581,29596.8,1890.4,5687.5
11:23:57.653,99927.0000,3.8969,28306.4,2242.4,100932.0000,3.6747,36064.6,1550.0,95177.0000,3.8580,29600.7,1889.5,5681.9
11:23:58.538,99924.0000,3.8973,28292.4,2246.6,100943.0000,3.6760,36018.9,1550.6,95209.0000,3.8580,29599.4,1889.8,5686.9
11:23:59.425,99925.0000,3.8971,28301.3,2243.9,100936.0000,3.6768,35988.9,1550.9,95230.0000,3.8592,29561.8,1899.1,5694.0
11:24:00.313,99954.0000,3.8973,28295.0,2245.8,100941.0000,3.6757,36027.5,1550.5,95203.0000,3.8573,29624.1,1883.7,5680.0
11:24:01.198,99906.0000,3.8975,28287.3,2248.1,100947.0000,3.6740,36090.4,1549.7,95159.0000,3.8578,29605.9,1888.2,5686.1
11:24:02.084,99920.0000,3.8972,28296.2,2245.5,100940.0000,3.6745,36073.2,1549.9,95171.0000,3.8570,29635.8,1880.8,5676.2
11:24:02.969,99897.0000,3.8975,28288.6,2247.8,100946.0000,3.6745,36074.6,1549.9,95170.0000,3.8581,29596.8,1890.4,5688.1
11:24:03.855,99927.0000,3.8976,28284.8,2248.9,100949.0000,3.6740,36090.4,1549.7,95159.0000,3.8585,29585.2,1893.3,5692.0
11:24:04.740,99936.0000,3.8980,28272.1,2252.7,100959.0000,3.6759,36021.7,1550.5,95207.0000,3.8563,29656.5,1875.7,5679.0
11:24:05.628,99881.0000,3.9005,28189.6,2277.7,101024.0000,3.6780,35944.6,1551.4,95261.0000,3.8610,29499.6,1914.7,5743.8
11:24:06.514,100002.0000,3.8966,28316.6,2239.4,100924.0000,3.6766,35994.6,1550.8,95226.0000,3.8585,29585.2,1893.3,5683.5
11:24:07.399,99936.0000,3.8979,28274.6,2252.0,100957.0000,3.6760,36018.9,1550.6,95209.0000,3.8588,29573.5,1896.2,5698.7
11:24:08.284,99945.0000,3.8972,28298.8,2244.7,100938.0000,3.6767,35991.8,1550.9,95228.0000,3.8590,29567.0,1897.8,5693.4
11:24:09.170,99950.0000,3.8986,28251.8,2258.9,100975.0000,3.6769,35984.6,1550.9,95233.0000,3.8591,29563.1,1898.8,5708.6
11:24:10.056,99953.0000,3.8866,28646.7,2143.0,100665.0000,3.6754,36040.3,1550.3,95194.0000,3.8591,29564.4,1898.5,5591.7
11:24:10.943,99952.0000,3.8973,28292.4,2246.6,100943.0000,3.6768,35988.9,1550.9,95230.0000,3.8616,29481.5,1919.2,5716.7
11:24:11.828,100016.0000,3.8977,28282.3,2249.7,100951.0000,3.6771,35977.5,1551.0,95238.0000,3.8595,29551.5,1901.7,5702.4
11:24:12.713,99962.0000,3.8988,28245.4,2260.8,100980.0000,3.6787,35917.5,1551.7,95280.0000,3.8595,29551.5,1901.7,5714.2
11:24:13.598,99962.0000,3.8985,28253.0,2258.5,100974.0000,3.6776,35958.9,1551.2,95251.0000,3.8594,29555.3,1900.7,5710.4
11:24:14.483,99959.0000,3.8986,28251.8,2258.9,100975.0000,3.6782,35934.7,1551.5,95268.0000,3.8596,29547.6,1902.7,5713.0
11:24:15.368,99965.0000,3.8968,28311.5,2240.9,100928.0000,3.6799,35873.3,1552.2,95311.0000,3.8594,29555.3,1900.7,5693.8
11:24:16.255,99959.0000,3.8986,28250.5,2259.2,100976.0000,3.6772,35974.6,1551.1,95240.0000,3.8616,29480.2,1919.5,5729.9
11:24:17.144,100017.0000,3.8994,28225.1,2266.9,100996.0000,3.6802,35861.9,1552.3,95319.0000,3.8623,29458.2,1925.1,5744.4
11:24:18.030,100034.0000,3.8974,28289.9,2247.4,100945.0000,3.6773,35968.9,1551.1,95244.0000,3.8594,29552.8,1901.4,5699.9
11:24:18.915,99961.0000,3.8989,28241.6,2261.9,100983.0000,3.6764,36003.2,1550.7,95220.0000,3.8594,29552.8,1901.4,5714.0
11:24:19.801,99961.0000,3.8988,28244.2,2261.2,100981.0000,3.6765,35997.5,1550.8,95224.0000,3.8577,29612.4,1886.6,5698.5
11:24:20.686,99915.0000,3.8990,28239.1,2262.7,100985.0000,3.6767,35991.8,1550.9,95228.0000,3.8595,29548.9,1902.3,5715.9
11:24:21.571,99964.0000,3.8988,28244.2,2261.2,100981.0000,3.6776,35957.5,1551.3,95252.0000,3.8585,29585.2,1893.3,5705.7
11:24:22.457,99936.0000,3.8992,28232.7,2264.6,100990.0000,3.6771,35976.0,1551.0,95239.0000,3.8617,29475.0,1920.9,5736.5
11:24:23.346,100021.0000,3.8994,28223.8,2267.3,100997.0000,3.6793,35894.7,1552.0,95296.0000,3.8622,29460.8,1924.4,5743.7
11:24:24.231,100032.0000,3.8972,28296.2,2245.5,100940.0000,3.6773,35967.5,1551.1,95245.0000,3.8584,29586.5,1893.0,5689.6
11:24:25.116,99935.0000,3.8954,28356.0,2227.6,100893.0000,3.6752,36046.0,1550.2,95190.0000,3.8592,29561.8,1899.1,5677.0
11:24:26.001,99954.0000,3.8952,28362.4,2225.7,100888.0000,3.6765,35998.9,1550.8,95223.0000,3.8583,29591.6,1891.7,5668.2
11:24:26.886,99931.0000,3.8958,28343.3,2231.4,100903.0000,3.6770,35978.9,1551.0,95237.0000,3.8591,29564.4,1898.5,5680.9
11:24:27.772,99952.0000,3.8958,28343.3,2231.4,100903.0000,3.6777,35956.1,1551.3,95253.0000,3.8592,29561.8,1899.1,5681.8
11:24:28.658,99954.0000,3.8959,28339.5,2232.5,100906.0000,3.6767,35990.3,1550.9,95229.0000,3.8618,29472.4,1921.5,5704.9
11:24:29.547,100023.0000,3.8963,28325.5,2236.7,100917.0000,3.6786,35920.4,1551.7,95278.0000,3.8616,29481.5,1919.2,5707.6
11:24:30.433,100016.0000,3.8914,28487.2,2189.0,100790.0000,3.6772,35973.2,1551.1,95241.0000,3.8591,29563.1,1898.8,5638.8
11:24:31.318,99953.0000,3.8955,28352.2,2228.7,100896.0000,3.6774,35964.6,1551.2,95247.0000,3.8594,29554.0,1901.0,5681.0
11:24:32.203,99960.0000,3.8959,28339.5,2232.5,100906.0000,3.6764,36001.7,1550.8,95221.0000,3.8592,29560.5,1899.4,5682.7
11:24:33.089,99955.0000,3.8943,28394.2,2216.3,100863.0000,3.6770,35981.8,1551.0,95235.0000,3.8593,29556.6,1900.4,5667.7
11:24:33.974,99958.0000,3.8945,28386.5,2218.5,100869.0000,3.6765,35998.9,1550.8,95223.0000,3.8594,29554.0,1901.0,5670.4
11:24:34.859,99960.0000,3.8955,28353.5,2228.4,100895.0000,3.6767,35991.8,1550.9,95228.0000,3.8594,29554.0,1901.0,5680.3
11:24:35.749,99960.0000,3.8961,28333.1,2234.4,100911.0000,3.6779,35948.9,1551.4,95258.0000,3.8618,29473.7,1921.2,5707.0
11:24:36.634,100022.0000,3.8945,28386.5,2218.5,100869.0000,3.6768,35987.5,1550.9,95231.0000,3.8591,29564.4,1898.5,5667.9
11:24:37.520,99952.0000,3.8957,28347.1,2230.3,100900.0000,3.6778,35950.4,1551.3,95257.0000,3.8591,29564.4,1898.5,5680.1
11:24:38.405,99952.0000,3.8960,28335.7,2233.7,100909.0000,3.6766,35996.0,1550.8,95225.0000,3.8594,29554.0,1901.0,5685.5
11:24:39.290,99960.0000,3.8963,28326.8,2236.3,100916.0000,3.6787,35919.0,1551.7,95279.0000,3.8596,29547.6,1902.7,5690.7
11:24:40.175,99965.0000,3.8961,28331.8,2234.8,100912.0000,3.6771,35977.5,1551.0,95238.0000,3.8595,29548.9,1902.3,5688.2
11:24:41.062,99964.0000,3.8961,28334.4,2234.0,100910.0000,3.6768,35986.0,1550.9,95232.0000,3.8619,29469.9,1922.2,5707.1
11:24:41.947,100025.0000,3.8945,28387.8,2218.2,100868.0000,3.6773,35968.9,1551.1,95244.0000,3.8594,29554.0,1901.0,5670.3
11:24:42.833,99960.0000,3.8933,28426.0,2206.9,100838.0000,3.6765,36000.3,1550.8,95222.0000,3.8595,29551.5,1901.7,5659.3
11:24:43.718,99962.0000,3.8934,28423.5,2207.6,100840.0000,3.6777,35956.1,1551.3,95253.0000,3.8579,29604.6,1888.5,5647.4
11:24:44.603,99921.0000,3.8919,28473.2,2193.1,100801.0000,3.6541,36832.3,1541.3,94643.0000,3.8323,30471.6,1687.0,5421.4
11:24:45.488,99257.0000,3.8736,29080.1,2023.4,100327.0000,3.6472,37091.6,1538.4,94464.0000,3.8306,30528.2,1674.7,5236.5
11:24:46.375,99214.0000,3.8747,29041.5,2033.7,100357.0000,3.6454,37159.9,1537.7,94417.0000,3.8300,30549.2,1670.2,5241.6
11:24:47.260,99198.0000,3.8738,29072.4,2025.4,100333.0000,3.6449,37177.3,1537.5,94405.0000,3.8303,30537.4,1672.7,5235.6
11:24:48.146,99207.0000,3.8748,29039.0,2034.4,100359.0000,3.6450,37174.4,1537.5,94407.0000,3.8307,30525.5,1675.3,5247.2
11:24:49.031,99216.0000,3.8753,29023.5,2038.5,100371.0000,3.6429,37252.9,1536.6,94353.0000,3.8315,30497.9,1681.3,5256.5
11:24:49.915,99237.0000,3.8751,29027.4,2037.5,100368.0000,3.6433,37239.8,1536.8,94362.0000,3.8303,30538.7,1672.5,5246.7
11:24:50.800,99206.0000,3.8751,29028.7,2037.2,100367.0000,3.6450,37172.9,1537.5,94408.0000,3.8307,30522.9,1675.9,5250.6
11:24:51.686,99218.0000,3.8750,29032.5,2036.1,100364.0000,3.6454,37159.9,1537.7,94417.0000,3.8326,30459.8,1689.6,5263.4
11:24:52.572,99266.0000,3.8732,29093.0,2019.9,100317.0000,3.6416,37302.4,1536.1,94319.0000,3.8308,30520.3,1676.4,5232.4
11:24:53.458,99220.0000,3.8754,29018.4,2039.9,100375.0000,3.6406,37338.8,1535.7,94294.0000,3.8304,30536.1,1673.0,5248.6
11:24:54.344,99208.0000,3.8761,28994.0,2046.5,100394.0000,3.6383,37427.7,1534.7,94233.0000,3.8317,30488.7,1683.3,5264.5
11:24:55.229,99244.0000,3.8739,29069.8,2026.1,100335.0000,3.6407,37335.9,1535.7,94296.0000,3.8324,30466.4,1688.2,5250.0
11:24:56.115,99261.0000,3.8758,29005.6,2043.4,100385.0000,3.6383,37427.7,1534.7,94233.0000,3.8324,30467.7,1687.9,5265.9
11:24:57.000,99260.0000,3.8754,29019.7,2039.6,100374.0000,3.6384,37423.3,1534.7,94236.0000,3.8345,30396.7,1703.4,5277.7
11:24:57.890,99314.0000,3.8766,28979.9,2050.4,100405.0000,3.6389,37404.3,1534.9,94249.0000,3.8349,30381.0,1706.9,5292.2
11:24:58.781,99326.0000,3.8768,28972.2,2052.4,100411.0000,3.6389,37404.3,1534.9,94249.0000,3.8349,30382.3,1706.6,5294.0
11:24:59.667,99325.0000,3.8752,29024.8,2038.2,100370.0000,3.6356,37528.4,1533.5,94164.0000,3.8326,30458.5,1689.9,5261.6
11:25:00.552,99267.0000,3.8758,29004.3,2043.7,100386.0000,3.6342,37581.0,1533.0,94128.0000,3.8336,30424.3,1697.4,5274.1
11:25:01.437,99293.0000,3.8763,28988.9,2047.9,100398.0000,3.6355,37532.8,1533.5,94161.0000,3.8337,30421.7,1697.9,5279.4
11:25:02.322,99295.0000,3.8765,28982.4,2049.7,100403.0000,3.6356,37528.4,1533.5,94164.0000,3.8343,30402.0,1702.3,5285.5
11:25:03.208,99310.0000,3.8769,28968.3,2053.5,100414.0000,3.6367,37487.5,1534.0,94192.0000,3.8338,30420.4,1698.2,5285.7
11:25:04.095,99296.0000,3.8765,28982.4,2049.7,100403.0000,3.6396,37378.1,1535.2,94267.0000,3.8363,30335.1,1717.1,5302.0
11:25:04.981,99361.0000,3.8758,29006.8,2043.1,100384.0000,3.6390,37400.0,1535.0,94252.0000,3.8341,30409.9,1700.5,5278.6
11:25:05.867,99304.0000,3.8769,28968.3,2053.5,100414.0000,3.6429,37254.4,1536.6,94352.0000,3.8324,30466.4,1688.2,5278.3
11:25:06.752,99261.0000,3.8765,28982.4,2049.7,100403.0000,3.6449,37178.7,1537.4,94404.0000,3.8336,30425.6,1697.1,5284.2
11:25:07.638,99292.0000,3.8767,28977.3,2051.1,100407.0000,3.6477,37074.2,1538.6,94476.0000,3.8334,30433.5,1695.4,5285.0
11:25:08.524,99286.0000,3.8764,28986.3,2048.6,100400.0000,3.6517,36923.5,1540.3,94580.0000,3.8326,30461.1,1689.3,5278.2
11:25:09.410,99265.0000,3.8758,29004.3,2043.7,100386.0000,3.6527,36884.4,1540.8,94607.0000,3.8373,30298.3,1725.3,5309.8
11:25:10.297,99389.0000,3.8745,29049.3,2031.6,100351.0000,3.6522,36903.2,1540.5,94594.0000,3.8323,30471.6,1687.0,5259.2
11:25:11.184,99257.0000,3.8746,29045.4,2032.7,100354.0000,3.6510,36949.5,1540.0,94562.0000,3.8319,30482.1,1684.7,5257.4
11:25:12.070,99249.0000,3.8720,29131.6,2009.7,100287.0000,3.6514,36935.1,1540.2,94572.0000,3.8318,30486.1,1683.9,5233.7
11:25:12.955,99246.0000,3.8730,29098.1,2018.6,100313.0000,3.6528,36880.1,1540.8,94610.0000,3.8321,30476.9,1685.9,5245.2
11:25:13.840,99253.0000,3.8732,29093.0,2019.9,100317.0000,3.6548,36807.8,1541.6,94660.0000,3.8322,30472.9,1686.7,5248.3
11:25:14.726,99256.0000,3.8724,29120.0,2012.7,100296.0000,3.6528,36883.0,1540.8,94608.0000,3.8304,30533.4,1673.6,5227.1
11:25:15.616,99210.0000,3.8717,29141.9,2006.9,100279.0000,3.6537,36846.8,1541.2,94633.0000,3.8308,30521.6,1676.2,5224.3
11:25:16.506,99219.0000,3.8713,29156.1,2003.2,100268.0000,3.6549,36802.0,1541.7,94664.0000,3.8312,30507.1,1679.3,5224.2
11:25:17.392,99230.0000,3.8685,29250.2,1978.5,100195.0000,3.6577,36699.5,1542.8,94735.0000,3.8321,30475.6,1686.2,5207.5
11:25:18.277,99254.0000,3.8748,29039.0,2034.4,100359.0000,3.6588,36657.6,1543.3,94764.0000,3.8326,30461.1,1689.3,5267.0
11:25:19.163,99265.0000,3.8752,29026.1,2037.9,100369.0000,3.6600,36611.5,1543.8,94796.0000,3.8325,30462.4,1689.0,5270.7
11:25:20.048,99264.0000,3.8746,29044.1,2033.0,100355.0000,3.6582,36679.3,1543.1,94749.0000,3.8321,30478.2,1685.6,5261.7
11:25:20.935,99252.0000,3.8718,29139.3,2007.6,100281.0000,3.6533,36862.7,1541.0,94622.0000,3.8185,30941.3,1588.0,5136.6
11:25:21.821,98901.0000,3.8716,29145.8,2005.9,100276.0000,3.6543,36823.7,1541.4,94649.0000,3.8316,30494.0,1682.2,5229.5
11:25:22.707,99240.0000,3.8728,29104.6,2016.8,100308.0000,3.6564,36745.6,1542.3,94703.0000,3.8328,30453.2,1691.0,5250.2
11:25:23.593,99271.0000,3.8753,29023.5,2038.5,100371.0000,3.6562,36752.9,1542.2,94698.0000,3.8326,30461.1,1689.3,5270.1
11:25:24.478,99265.0000,3.8751,29028.7,2037.2,100367.0000,3.6554,36783.2,1541.9,94677.0000,3.8326,30461.1,1689.3,5268.4
11:25:25.364,99265.0000,3.8705,29183.1,1996.0,100247.0000,3.6500,36985.8,1539.6,94537.0000,3.8289,30584.8,1662.5,5198.2
11:25:26.250,99171.0000,3.8708,29171.5,1999.1,100256.0000,3.6515,36929.3,1540.2,94576.0000,3.8293,30572.9,1665.1,5204.4
11:25:27.135,99180.0000,3.8709,29167.7,2000.1,100259.0000,3.6529,36877.2,1540.8,94612.0000,3.8342,30404.6,1701.7,5242.7
11:25:28.025,99308.0000,3.8756,29013.3,2041.3,100379.0000,3.6583,36676.4,1543.1,94751.0000,3.8340,30412.5,1700.0,5284.4
11:25:28.914,99302.0000,3.8755,29014.6,2041.0,100378.0000,3.6584,36673.5,1543.1,94753.0000,3.8353,30369.2,1709.5,5293.6
11:25:29.803,99335.0000,3.8759,29001.7,2044.4,100388.0000,3.6604,36595.6,1544.0,94807.0000,3.8334,30433.5,1695.4,5283.8
11:25:30.689,99286.0000,3.8750,29031.3,2036.5,100365.0000,3.6585,36667.7,1543.2,94757.0000,3.8314,30500.6,1680.7,5260.4
11:25:31.575,99235.0000,3.8747,29041.5,2033.7,100357.0000,3.6582,36679.3,1543.1,94749.0000,3.8323,30469.0,1687.6,5264.4
11:25:32.461,99259.0000,3.8752,29026.1,2037.9,100369.0000,3.6579,36689.4,1543.0,94742.0000,3.8323,30469.0,1687.6,5268.4
11:25:33.346,99259.0000,3.8752,29024.8,2038.2,100370.0000,3.6577,36698.0,1542.9,94736.0000,3.8322,30472.9,1686.7,5267.8
11:25:34.232,99256.0000,3.8753,29023.5,2038.5,100371.0000,3.6574,36711.0,1542.7,94727.0000,3.8326,30458.5,1689.9,5271.1
11:25:35.121,99267.0000,3.8750,29031.3,2036.5,100365.0000,3.6577,36698.0,1542.9,94736.0000,3.8349,30382.3,1706.6,5285.9
11:25:36.007,99325.0000,3.8736,29080.1,2023.4,100327.0000,3.6584,36670.6,1543.2,94755.0000,3.8328,30451.9,1691.3,5257.9
11:25:36.892,99272.0000,3.8739,29067.3,2026.8,100337.0000,3.6599,36615.8,1543.8,94793.0000,3.8327,30455.9,1690.5,5261.0
11:25:37.777,99269.0000,3.8752,29026.1,2037.9,100369.0000,3.6600,36611.5,1543.8,94796.0000,3.8328,30454.5,1690.7,5272.4
11:25:38.663,99270.0000,3.8749,29035.1,2035.4,100362.0000,3.6575,36706.7,1542.8,94730.0000,3.8329,30449.3,1691.9,5270.1
11:25:39.548,99274.0000,3.8733,29090.4,2020.6,100319.0000,3.6548,36806.3,1541.6,94661.0000,3.8321,30476.9,1685.9,5248.1
11:25:40.435,99253.0000,3.8619,29468.6,1922.5,100026.0000,3.6504,36972.7,1539.8,94546.0000,3.8318,30487.4,1683.6,5145.8
11:25:41.321,99245.0000,3.8598,29539.8,1904.6,99971.0000,3.6505,36968.4,1539.8,94549.0000,3.8272,30644.1,1649.9,5094.3
11:25:42.206,99126.0000,3.8612,29494.5,1916.0,100006.0000,3.6425,37267.4,1536.5,94343.0000,3.8278,30624.3,1654.1,5106.5
11:25:43.091,99141.0000,3.8622,29460.8,1924.4,100032.0000,3.6406,37340.2,1535.6,94293.0000,3.8274,30636.1,1651.6,5111.7
11:25:43.975,99132.0000,3.8627,29442.7,1929.0,100046.0000,3.6516,36924.9,1540.3,94579.0000,3.8277,30626.9,1653.5,5122.9
11:25:44.861,99139.0000,3.8624,29451.7,1926.7,100039.0000,3.6506,36964.0,1539.9,94552.0000,3.8254,30706.0,1636.8,5103.4
11:25:45.746,99079.0000,3.8624,29451.7,1926.7,100039.0000,3.6522,36904.7,1540.5,94593.0000,3.8293,30571.6,1665.4,5132.6
11:25:46.633,99181.0000,3.8613,29490.6,1916.9,100009.0000,3.6538,36842.5,1541.2,94636.0000,3.8271,30646.7,1649.3,5107.5
11:25:47.518,99124.0000,3.8626,29447.9,1927.7,100042.0000,3.6535,36854.0,1541.1,94628.0000,3.8270,30649.3,1648.8,5117.6
11:25:48.403,99122.0000,3.8630,29432.3,1931.7,100054.0000,3.6552,36790.4,1541.8,94672.0000,3.8273,30641.4,1650.4,5123.9
11:25:49.288,99128.0000,3.8628,29438.8,1930.0,100049.0000,3.6550,36800.5,1541.7,94665.0000,3.8270,30652.0,1648.2,5119.9
11:25:50.173,99120.0000,3.8631,29428.5,1932.6,100057.0000,3.6538,36842.5,1541.2,94636.0000,3.8261,30682.3,1641.8,5115.6
11:25:51.059,99097.0000,3.8629,29434.9,1931.0,100052.0000,3.6545,36816.4,1541.5,94654.0000,3.8299,30550.5,1669.9,5142.4
11:25:51.948,99197.0000,3.8633,29423.3,1934.0,100061.0000,3.6565,36741.3,1542.4,94706.0000,3.8295,30565.0,1666.8,5143.1
11:25:52.834,99186.0000,3.8613,29490.6,1916.9,100009.0000,3.6536,36851.1,1541.1,94630.0000,3.8258,30691.5,1639.8,5097.9
11:25:53.720,99090.0000,3.8625,29449.2,1927.4,100041.0000,3.6541,36832.3,1541.3,94643.0000,3.8271,30648.0,1649.0,5117.8
11:25:54.605,99123.0000,3.8629,29436.2,1930.7,100051.0000,3.6551,36796.2,1541.7,94668.0000,3.8272,30642.7,1650.2,5122.6
11:25:55.491,99127.0000,3.8620,29466.0,1923.1,100028.0000,3.6548,36806.3,1541.6,94661.0000,3.8268,30655.9,1647.4,5112.1
11:25:56.378,99117.0000,3.8633,29424.6,1933.6,100060.0000,3.6559,36765.9,1542.1,94689.0000,3.8271,30646.7,1649.3,5125.0
11:25:57.264,99124.0000,3.8640,29400.0,1939.9,100079.0000,3.6564,36747.1,1542.3,94702.0000,3.8311,30509.8,1678.7,5160.9
11:25:58.154,99228.0000,3.8787,28910.5,2069.3,100459.0000,3.6689,36282.3,1547.6,95025.0000,3.8368,30315.4,1721.5,5338.3
11:25:59.039,99376.0000,3.8785,28914.4,2068.2,100456.0000,3.6671,36348.3,1546.8,94979.0000,3.8366,30323.3,1719.7,5334.7
11:25:59.925,99370.0000,3.8799,28869.5,2080.5,100491.0000,3.6672,36344.0,1546.9,94982.0000,3.8345,30395.4,1703.7,5331.1
11:26:00.811,99315.0000,3.8797,28874.6,2079.1,100487.0000,3.6672,36344.0,1546.9,94982.0000,3.8353,30367.9,1709.8,5335.8
11:26:01.697,99336.0000,3.8792,28893.8,2073.8,100472.0000,3.6684,36300.9,1547.3,95012.0000,3.8369,30314.1,1721.8,5342.9
11:26:02.583,99377.0000,3.8834,28754.2,2112.6,100581.0000,3.6677,36326.7,1547.1,94994.0000,3.8374,30295.7,1725.9,5385.5
11:26:03.470,99391.0000,3.8836,28746.5,2114.7,100587.0000,3.6685,36293.7,1547.4,95017.0000,3.8396,30221.0,1742.7,5404.8
11:26:04.359,99448.0000,3.8832,28759.3,2111.2,100577.0000,3.6696,36256.5,1547.9,95043.0000,3.8396,30222.4,1742.4,5401.4
11:26:05.245,99447.0000,3.8796,28878.5,2078.1,100484.0000,3.6664,36372.7,1546.5,94962.0000,3.8337,30423.0,1697.7,5322.3
11:26:06.130,99294.0000,3.8793,28888.7,2075.2,100476.0000,3.6654,36411.5,1546.1,94935.0000,3.8334,30430.9,1695.9,5317.3
11:26:07.016,99288.0000,3.8799,28868.2,2080.9,100492.0000,3.6651,36423.0,1546.0,94927.0000,3.8363,30333.8,1717.4,5344.2
11:26:07.901,99362.0000,3.8836,28745.2,2115.1,100588.0000,3.6697,36252.2,1547.9,95046.0000,3.8363,30332.4,1717.7,5380.7
11:26:08.787,99363.0000,3.8765,28982.4,2049.7,100403.0000,3.6603,36601.4,1543.9,94803.0000,3.8239,30757.5,1626.0,5219.6
11:26:09.673,99040.0000,3.8526,29782.6,1845.0,99784.0000,3.5946,39098.6,1516.2,93101.0000,3.8050,31406.3,1496.3,4857.6
11:26:10.560,98551.0000,3.8514,29824.2,1835.0,99752.0000,3.6168,38243.4,1525.6,93677.0000,3.7928,31827.7,1418.3,4779.0
11:26:11.446,98236.0000,0.6105,719012.3,257.5,15812.0000,1.3683,265412.6,577.2,35440.0000,0.2703,1750031.8,114.0,948.7
11:26:12.332,7000.0000,0.2792,1690683.4,117.8,7232.0000,2.1628,131183.8,912.3,56017.0000,0.2708,1746339.1,114.2,1144.3
11:26:13.217,7014.0000,0.2712,1743973.0,114.4,7023.0000,2.1815,129199.4,920.2,56502.0000,0.2699,1752678.5,113.8,1148.4
11:26:14.102,6990.0000,0.2714,1742136.9,114.5,7030.0000,2.0615,142545.3,869.5,53393.0000,0.2701,1751089.6,113.9,1098.0
11:26:14.988,6996.0000,0.2708,1746339.1,114.2,7014.0000,2.0785,140558.4,876.7,53834.0000,0.2651,1785863.2,111.8,1102.8
11:26:15.874,6867.0000,0.2729,1732233.0,115.1,7068.0000,2.0906,139167.9,881.8,54147.0000,0.2724,1735869.4,114.9,1111.8
11:26:16.760,7054.0000,0.2706,1747919.9,114.1,7008.0000,2.0938,138801.8,883.2,54230.0000,0.2696,1754270.1,113.7,1111.1
11:26:17.644,6984.0000,0.2715,1741613.0,114.5,7032.0000,2.0963,138520.3,884.2,54294.0000,0.2706,1747656.2,114.1,1112.9
11:26:18.530,7009.0000,0.2712,1743973.0,114.4,7023.0000,2.0982,138300.9,885.0,54344.0000,0.2698,1752943.6,113.8,1113.2
11:26:19.416,6989.0000,0.2715,1741351.1,114.5,7033.0000,2.0919,139013.4,882.4,54182.0000,0.2701,1750825.0,114.0,1110.9
11:26:20.303,6997.0000,0.3272,1428049.9,138.0,0.0000,0.0000,499999900000.0,0.0,16.0000,0.0006,809288911.4,0.3,138.3
11:26:21.191,0.0000,0.0000,499999900000.0,0.0,6920.0000,2.0616,142531.7,869.6,53396.0000,0.2629,1801927.2,110.9,980.5
11:26:22.077,6809.0000,0.2716,1741089.4,114.6,7034.0000,2.0507,143824.0,865.0,53113.0000,0.2697,1754004.7,113.8,1093.3
11:26:22.962,6985.0000,0.2802,1684514.6,118.2,7257.0000,2.0492,143998.5,864.4,53075.0000,0.2706,1747656.2,114.1,1096.7
11:26:23.847,7009.0000,0.2712,1743710.5,114.4,7024.0000,2.0768,140750.7,876.0,53791.0000,0.2700,1751883.7,113.9,1104.3
11:26:24.733,6993.0000,0.2712,1743710.5,114.4,7024.0000,2.0786,140549.5,876.8,53836.0000,0.2739,1725260.4,115.5,1106.7
11:26:25.618,7095.0000,0.2707,1746865.7,114.2,7012.0000,2.0744,141028.5,875.0,53729.0000,0.2698,1753208.7,113.8,1103.0
11:26:26.504,6988.0000,0.2721,1737693.0,114.8,7047.0000,2.0759,140858.2,875.6,53767.0000,0.2654,1784216.9,111.9,1102.3
